{
  "project_info": {
    "project_number": "222540041812",
    "firebase_url": "https://aleaasesores-85546.firebaseio.com",
    "project_id": "aleaasesores-85546",
    "storage_bucket": "aleaasesores-85546.appspot.com"
  },
  "client": [
    {
      "client_info": {
        "mobilesdk_app_id": "1:222540041812:android:546de4e2a26d35fc0427c1",
        "android_client_info": {
          "package_name": "com.example.alea"
        }
      },
      "oauth_client": [
        {
          "client_id": "222540041812-or6tt3mu398sifajbqhpv2n9sl6tj4es.apps.googleusercontent.com",
          "client_type": 3
        }
      ],
      "api_key": [
        {
          "current_key": "AIzaSyCAkY7uV-Y3rCSPhLXzp6AW-38LsaW90Dw"
        }
      ],
      "services": {
        "appinvite_service": {
          "other_platform_oauth_client": [
            {
              "client_id": "222540041812-or6tt3mu398sifajbqhpv2n9sl6tj4es.apps.googleusercontent.com",
              "client_type": 3
            }
          ]
        }
      }
    },
    {
      "client_info": {
        "mobilesdk_app_id": "1:222540041812:android:fa62bb98bd82d9490427c1",
        "android_client_info": {
          "package_name": "com.example.aleascanner"
        }
      },
      "oauth_client": [
        {
          "client_id": "222540041812-or6tt3mu398sifajbqhpv2n9sl6tj4es.apps.googleusercontent.com",
          "client_type": 3
        }
      ],
      "api_key": [
        {
          "current_key": "AIzaSyCAkY7uV-Y3rCSPhLXzp6AW-38LsaW90Dw"
        }
      ],
      "services": {
        "appinvite_service": {
          "other_platform_oauth_client": [
            {
              "client_id": "222540041812-or6tt3mu398sifajbqhpv2n9sl6tj4es.apps.googleusercontent.com",
              "client_type": 3
            }
          ]
        }
      }
    }
  ],
  "configuration_version": "1"
}